Workbook

Sheet Descriptive statistics
A1: 93
A3: Mean | B3: 62.636364
A4: Standard Error | B4: 9.5719977
A5: Median | B5: 73
A6: Mode | B6: 97
A7: Standard Deviation | B7: 31.746725
A8: Sample Variance | B8: 1007.8545
A9: Kurtosis | B9: -0.89450994
A10: Skewness | B10: -0.63306143
A11: Range | B11: 86
A12: Minimum | B12: 11
A13: Maximum | B13: 97
A14: Sum | B14: 689
A15: Count | B15: 11

Sheet Anova one way
A1: Anova: Single Factor
A3: SUMMARY
A4: Groups | B4: Count | C4: Sum | D4: Average | E4: Variance
A5: 93 | B5: 11 | C5: 689 | D5: 62.636364 | E5: 1007.8545
A6: 80 | B6: 11 | C6: 676 | D6: 61.454545 | E6: 1031.0727
A9: ANOVA
A10: Source of Variation | B10: SS | C10: df | D10: MS | E10: F | F10: P-value | G10: F crit
A11: Between Groups | B11: 7.6818182 | C11: 1 | D11: 7.6818182 | E11: 0.0075351566 | F11: 0.9316895 | G11: 4.3512435
A12: Within Groups | B12: 20389.273 | C12: 20 | D12: 1019.4636
A14: Total | B14: 20396.955 | C14: 21

Sheet f test
A1: F-Test Two-Sample for Variances
B3: 93 | C3: 80
A4: Mean | B4: 62.636364 | C4: 61.454545
A5: Variance | B5: 1007.8545 | C5: 1031.0727
A6: Observations | B6: 11 | C6: 11
A7: df | B7: 10 | C7: 10
A8: F | B8: 0.97748153
A9: P(F<=f) one-tail | B9: 0.48599052
A10: F Critical one-tail | B10: 0.33576911

Sheet T test 1
A1: t-Test: Paired Two Sample for Means
B3: Variable 1 | C3: Variable 2
A4: Mean | B4: 65.166667 | C4: 63
A5: Variance | B5: 993.06061 | C5: 966
A6: Observations | B6: 12 | C6: 12
A7: Pearson Correlation | B7: -0.27214154
A8: Hypothesized Mean Difference | B8: 0
A9: df | B9: 11
A10: t Stat | B10: 0.15034726
A11: P(T<=t) one-tail | B11: 0.44160605
A12: t Critical one-tail | B12: 1.7958848
A13: P(T<=t) two-tail | B13: 0.8832121
A14: t Critical two-tail | B14: 2.2009852

Sheet Chi square
A1: Expected Values | F1: Chi-Square Test | M1: Adjusted Residuals
A3: =IF(Sheet1!B3="","",Sheet1!B3) -> 93 | B3: =IF(Sheet1!C3="","",Sheet1!C3) -> 80 | C3: =IF(Sheet1!D3="","",Sheet1!D3) -> 93 | D3: Total | F3: SUMMARY | H3: Alpha | I3: 0.05 | N3: =Sheet1!C3 -> 80 | O3: =Sheet1!D3 -> 93
A4: =IF(Sheet1!B4="","",Sheet1!B4) -> 60 | B4: {=MMULT(D4:D14,B15:C15)/D15} -> 62.427441 | C4: 42.572559 | D4: =SUM(Sheet1!C4:D4) -> 105 | F4: Count | G4: Rows | H4: Cols | I4: df | M4: =Sheet1!B4 -> 60 | N4: =(Sheet1!C4-B4)/SQRT(B4*$P4*N$15) -> -3.6359341 | O4: =(Sheet1!D4-C4)/SQRT(C4*$P4*O$15) -> 3.6359341 | P4: =1-SUM(Sheet1!C4:D4)/P$15 -> 0.90765172
A5: =IF(Sheet1!B5="","",Sheet1!B5) -> 77 | B5: 47.563764 | C5: 32.436236 | D5: =SUM(Sheet1!C5:D5) -> 80 | F5: =D15 -> 1137 | G5: =COUNT(Sheet1!C4:C14) -> 11 | H5: =COUNT(Sheet1!C4:D4) -> 2 | I5: =(G5-1)*(H5-1) -> 10 | M5: =Sheet1!B5 -> 77 | N5: =(Sheet1!C5-B5)/SQRT(B5*$P5*N$15) -> -4.6204771 | O5: =(Sheet1!D5-C5)/SQRT(C5*$P5*O$15) -> 4.6204771 | P5: =1-SUM(Sheet1!C5:D5)/P$15 -> 0.9296394
A6: =IF(Sheet1!B6="","",Sheet1!B6) -> 12 | B6: 76.102023 | C6: 51.897977 | D6: =SUM(Sheet1!C6:D6) -> 128 | M6: =Sheet1!B6 -> 12 | N6: =(Sheet1!C6-B6)/SQRT(B6*$P6*N$15) -> 2.6559379 | O6: =(Sheet1!D6-C6)/SQRT(C6*$P6*O$15) -> -2.6559379 | P6: =1-SUM(Sheet1!C6:D6)/P$15 -> 0.88742304
A7: =IF(Sheet1!B7="","",Sheet1!B7) -> 73 | B7: 47.563764 | C7: 32.436236 | D7: =SUM(Sheet1!C7:D7) -> 80 | F7: CHI-SQUARE | M7: =Sheet1!B7 -> 73 | N7: =(Sheet1!C7-B7)/SQRT(B7*$P7*N$15) -> -5.8013534 | O7: =(Sheet1!D7-C7)/SQRT(C7*$P7*O$15) -> 5.8013534 | P7: =1-SUM(Sheet1!C7:D7)/P$15 -> 0.9296394
A8: =IF(Sheet1!B8="","",Sheet1!B8) -> 97 | B8: 47.563764 | C8: 32.436236 | D8: =SUM(Sheet1!C8:D8) -> 80 | G8: chi-sq | H8: p-value | I8: x-crit | J8: sig | K8: Cramer V | M8: =Sheet1!B8 -> 97 | N8: =(Sheet1!C8-B8)/SQRT(B8*$P8*N$15) -> 4.590358 | O8: =(Sheet1!D8-C8)/SQRT(C8*$P8*O$15) -> -4.590358 | P8: =1-SUM(Sheet1!C8:D8)/P$15 -> 0.9296394
A9: =IF(Sheet1!B9="","",Sheet1!B9) -> 51 | B9: 92.154793 | C9: 62.845207 | D9: =SUM(Sheet1!C9:D9) -> 155 | F9: Pearson's | G9: =[1]!CHI_STAT2(Sheet1!C4:D14,B4:C14) -> 251.87145 | H9: =_xlfn.CHISQ.DIST.RT(G9,I5) -> 2.1932964e-48 | I9: =[1]!CHISQ_INV_RT(I3,I5) -> 18.307038 | J9: =IF(I9<G9,"yes","no") -> yes | K9: =SQRT(G9/(F5*(MIN(G5,H5)-1))) -> 0.47066211 | M9: =Sheet1!B9 -> 51 | N9: =(Sheet1!C9-B9)/SQRT(B9*$P9*N$15) -> -2.1396507 | O9: =(Sheet1!D9-C9)/SQRT(C9*$P9*O$15) -> 2.1396507 | P9: =1-SUM(Sheet1!C9:D9)/P$15 -> 0.86367634
A10: =IF(Sheet1!B10="","",Sheet1!B10) -> 36 | B10: 80.263852 | C10: 54.736148 | D10: =SUM(Sheet1!C10:D10) -> 135 | F10: Max likelihood | G10: =[1]!CHI_MAX2(Sheet1!C4:D14,B4:C14) -> 285.17103 | H10: =_xlfn.CHISQ.DIST.RT(G10,I5) -> 2.1098691e-55 | I10: =[1]!CHISQ_INV_RT(I3,I5) -> 18.307038 | J10: =IF(I10<G10,"yes","no") -> yes | K10: =SQRT(G10/(F5*(MIN(G5,H5)-1))) -> 0.5008094 | M10: =Sheet1!B10 -> 36 | N10: =(Sheet1!C10-B10)/SQRT(B10*$P10*N$15) -> 2.1915012 | O10: =(Sheet1!D10-C10)/SQRT(C10*$P10*O$15) -> -2.1915012 | P10: =1-SUM(Sheet1!C10:D10)/P$15 -> 0.88126649
A11: =IF(Sheet1!B11="","",Sheet1!B11) -> 97 | B11: 60.049252 | C11: 40.950748 | D11: =SUM(Sheet1!C11:D11) -> 101 | M11: =Sheet1!B11 -> 97 | N11: =(Sheet1!C11-B11)/SQRT(B11*$P11*N$15) -> 8.0574322 | O11: =(Sheet1!D11-C11)/SQRT(C11*$P11*O$15) -> -8.0574322 | P11: =1-SUM(Sheet1!C11:D11)/P$15 -> 0.91116974
A12: =IF(Sheet1!B12="","",Sheet1!B12) -> 94 | B12: 38.645558 | C12: 26.354442 | D12: =SUM(Sheet1!C12:D12) -> 65 | M12: =Sheet1!B12 -> 94 | N12: =(Sheet1!C12-B12)/SQRT(B12*$P12*N$15) -> -9.2740245 | O12: =(Sheet1!D12-C12)/SQRT(C12*$P12*O$15) -> 9.2740245 | P12: =1-SUM(Sheet1!C12:D12)/P$15 -> 0.94283201
A13: =IF(Sheet1!B13="","",Sheet1!B13) -> 11 | B13: 55.887423 | C13: 38.112577 | D13: =SUM(Sheet1!C13:D13) -> 94 | M13: =Sheet1!B13 -> 11 | N13: =(Sheet1!C13-B13)/SQRT(B13*$P13*N$15) -> 1.9987203 | O13: =(Sheet1!D13-C13)/SQRT(C13*$P13*O$15) -> -1.9987203 | P13: =1-SUM(Sheet1!C13:D13)/P$15 -> 0.9173263
A14: =IF(Sheet1!B14="","",Sheet1!B14) -> 81 | B14: 67.778364 | C14: 46.221636 | D14: =SUM(Sheet1!C14:D14) -> 114 | M14: =Sheet1!B14 -> 81 | N14: =(Sheet1!C14-B14)/SQRT(B14*$P14*N$15) -> 3.4633872 | O14: =(Sheet1!D14-C14)/SQRT(C14*$P14*O$15) -> -3.4633872 | P14: =1-SUM(Sheet1!C14:D14)/P$15 -> 0.89973615
A15: Total | B15: =SUM(Sheet1!C4:C14) -> 676 | C15: =SUM(Sheet1!D4:D14) -> 461 | D15: =SUM(D4:D14) -> 1137 | N15: =1-SUM(Sheet1!C4:C14)/$P15 -> 0.40545295 | O15: =1-SUM(Sheet1!D4:D14)/$P15 -> 0.59454705 | P15: =SUM(Sheet1!C4:D14) -> 1137
M17: P-values
N19: =N3 -> 80 | O19: =O3 -> 93
M20: =M4 -> 60 | N20: =2*_xlfn.NORM.S.DIST(-ABS(N4),TRUE) -> 0.00027697517 | O20: =2*_xlfn.NORM.S.DIST(-ABS(O4),TRUE) -> 0.00027697517
M21: =M5 -> 77 | N21: =2*_xlfn.NORM.S.DIST(-ABS(N5),TRUE) -> 3.8285863e-06 | O21: =2*_xlfn.NORM.S.DIST(-ABS(O5),TRUE) -> 3.8285863e-06
M22: =M6 -> 12 | N22: =2*_xlfn.NORM.S.DIST(-ABS(N6),TRUE) -> 0.0079088184 | O22: =2*_xlfn.NORM.S.DIST(-ABS(O6),TRUE) -> 0.0079088184
M23: =M7 -> 73 | N23: =2*_xlfn.NORM.S.DIST(-ABS(N7),TRUE) -> 6.5781802e-09 | O23: =2*_xlfn.NORM.S.DIST(-ABS(O7),TRUE) -> 6.5781802e-09
M24: =M8 -> 97 | N24: =2*_xlfn.NORM.S.DIST(-ABS(N8),TRUE) -> 4.4248643e-06 | O24: =2*_xlfn.NORM.S.DIST(-ABS(O8),TRUE) -> 4.4248643e-06
M25: =M9 -> 51 | N25: =2*_xlfn.NORM.S.DIST(-ABS(N9),TRUE) -> 0.032383009 | O25: =2*_xlfn.NORM.S.DIST(-ABS(O9),TRUE) -> 0.032383009
M26: =M10 -> 36 | N26: =2*_xlfn.NORM.S.DIST(-ABS(N10),TRUE) -> 0.028415544 | O26: =2*_xlfn.NORM.S.DIST(-ABS(O10),TRUE) -> 0.028415544
M27: =M11 -> 97 | N27: =2*_xlfn.NORM.S.DIST(-ABS(N11),TRUE) -> 7.7913813e-16 | O27: =2*_xlfn.NORM.S.DIST(-ABS(O11),TRUE) -> 7.7913813e-16
M28: =M12 -> 94 | N28: =2*_xlfn.NORM.S.DIST(-ABS(N12),TRUE) -> 1.7925174e-20 | O28: =2*_xlfn.NORM.S.DIST(-ABS(O12),TRUE) -> 1.7925174e-20
M29: =M13 -> 11 | N29: =2*_xlfn.NORM.S.DIST(-ABS(N13),TRUE) -> 0.04563863 | O29: =2*_xlfn.NORM.S.DIST(-ABS(O13),TRUE) -> 0.04563863
M30: =M14 -> 81 | N30: =2*_xlfn.NORM.S.DIST(-ABS(N14),TRUE) -> 0.00053342021 | O30: =2*_xlfn.NORM.S.DIST(-ABS(O14),TRUE) -> 0.00053342021

Sheet Sheet1
B2: Group A | C2: Group B | D2: Group C
B3: 93 | C3: 80 | D3: 93
B4: 60 | C4: 45 | D4: 60
B5: 77 | C5: 28 | D5: 52
B6: 12 | C6: 90 | D6: 38
B7: 73 | C7: 23 | D7: 57
B8: 97 | C8: 67 | D8: 13
B9: 51 | C9: 80 | D9: 75
B10: 36 | C10: 92 | D10: 43
B11: 97 | C11: 98 | D11: 3
B12: 94 | C12: 3 | D12: 62
B13: 11 | C13: 65 | D13: 29
B14: 81 | C14: 85 | D14: 29
